cod,name,price,dilivery,link
323822,"Нож кухонный Tramontina, Multicolor, для томатов, нержавеющая сталь, 12.5 см, рукоятка пластик, 23512/915-TR",192 ₽,сегодня,https://poryadok.ru/catalog/nozhi_kukhonnye/532862/
319984,"Нож кухонный Daniks, Ферра, универсальный, нержавеющая сталь, 12.5 см, рукоятка сталь, YW-A042-UT",329 ₽,сегодня,https://poryadok.ru/catalog/nozhi_kukhonnye/537536/
111214,"Нож кухонный Tramontina, Multicolor, для овощей, нержавеющая сталь, 7.5 см, рукоятка пластик, 23511/213-TR",150 ₽,сегодня,https://poryadok.ru/catalog/nozhi_kukhonnye/11051/
321967,"Нож кухонный для пиццы и теста, нержавеющая сталь, 5.5 см, рукоятка дерево, навеска, Y3-1068",129 ₽,сегодня,https://poryadok.ru/catalog/nozhi_kukhonnye/533745/
323854,"Нож кухонный Tramontina, Multicolor, универсальный, нержавеющая сталь, 12.5 см, рукоятка пластик, 23527/915-tr",198 ₽,сегодня,https://poryadok.ru/catalog/nozhi_kukhonnye/532863/
319985,"Нож кухонный Daniks, Ферра, для овощей, нержавеющая сталь, 9 см, рукоятка сталь, YW-A042-PA",299 ₽,сегодня,https://poryadok.ru/catalog/nozhi_kukhonnye/537540/
323821,"Нож кухонный Tramontina, Multicolor, филейный, нержавеющая сталь, 12.5 см, рукоятка пластик, 23500/915-TR",192 ₽,сегодня,https://poryadok.ru/catalog/nozhi_kukhonnye/532861/
280633,"Нож кухонный Tramontina, Dynamic, для стейка, нержавеющая сталь, 12.5 см, рукоятка дерево, 22321/205-TR",178 ₽,сегодня,https://poryadok.ru/catalog/nozhi_kukhonnye/435838/
319979,"Нож кухонный Daniks, Скара, универсальный, нержавеющая сталь, 12.5 см, рукоятка пластик, YW-A341-UT",169 ₽,сегодня,https://poryadok.ru/catalog/nozhi_kukhonnye/537528/
319983,"Нож кухонный Daniks, Ферра, разделочный, нержавеющая сталь, 20 см, рукоятка сталь, YW-A042-SL",425 ₽,сегодня,https://poryadok.ru/catalog/nozhi_kukhonnye/537537/
319981,"Нож кухонный Daniks, Ферра, шеф-нож, нержавеющая сталь, 20 см, рукоятка сталь, YW-A042-CH",479 ₽,сегодня,https://poryadok.ru/catalog/nozhi_kukhonnye/537539/
321979,"Нож кухонный для пиццы и теста, в ассортименте, нержавеющая сталь, 8 см, рукоятка пластик, навеска, Y3-1084",149 ₽,сегодня,https://poryadok.ru/catalog/nozhi_kukhonnye/533746/
239330,"Нож кухонный Daniks, Эконом, универсальный, нержавеющая сталь, 13 см, рукоятка пластик, YWA054-UT/YW-A054-TY",99 ₽,сегодня,https://poryadok.ru/catalog/nozhi_kukhonnye/10923/
248620,"Нож кухонный Daniks, Модерн, для овощей, нержавеющая сталь, 9 см, рукоятка пластик, YW-A040-PA/YW-A040G-PA",115 ₽,сегодня,https://poryadok.ru/catalog/nozhi_kukhonnye/89094/
287035,"Нож кухонный Daniks, Обсидиан, универсальный, нержавеющая сталь, 12.5 см, рукоятка пластик, YW-A175-UT",215 ₽,сегодня,https://poryadok.ru/catalog/nozhi_kukhonnye/454374/
429636,"Нож кухонный Daniks, Оптима, для овощей, нержавеющая сталь, 9 см, рукоятка пластик, YW-A639-PA",179 ₽,сегодня,https://poryadok.ru/catalog/nozhi_kukhonnye/929938/
239331,"Нож кухонный Daniks, Эконом, для овощей, нержавеющая сталь, 9 см, рукоятка пластик, YW-A054-PA",92 ₽,сегодня,https://poryadok.ru/catalog/nozhi_kukhonnye/10964/
429635,"Нож кухонный Daniks, Оптима, универсальный, нержавеющая сталь, 12.5 см, рукоятка пластик, YW-A639-UT",195 ₽,сегодня,https://poryadok.ru/catalog/nozhi_kukhonnye/929937/
248615,"Нож кухонный Daniks, Мрамор, универсальный, нержавеющая сталь, 12.5 см, рукоятка сталь, YW-A156-UT",349 ₽,сегодня,https://poryadok.ru/catalog/nozhi_kukhonnye/89089/
248616,"Нож кухонный Daniks, Мрамор, для овощей, нержавеющая сталь, 9 см, рукоятка сталь, YW-A156-PA",319 ₽,сегодня,https://poryadok.ru/catalog/nozhi_kukhonnye/89087/
319992,"Нож кухонный Daniks, Easy New, универсальный, нержавеющая сталь, 12.5 см, рукоятка пластик, YW-A337-UT",109 ₽,сегодня,https://poryadok.ru/catalog/nozhi_kukhonnye/537516/
248613,"Нож кухонный Daniks, Мрамор, шеф-нож, нержавеющая сталь, 20 см, рукоятка сталь, YW-A156-CH",435 ₽,сегодня,https://poryadok.ru/catalog/nozhi_kukhonnye/89093/
344163,"Нож кухонный Daniks, Дублин, универсальный, керамика, 12.5 см, рукоятка пластик, CK0605-2",499 ₽,сегодня,https://poryadok.ru/catalog/nozhi_kukhonnye/600546/
239326,"Нож кухонный Daniks, Классик, универсальный, нержавеющая сталь, 12 см, рукоятка пластик, YW-A111-TY",109 ₽,сегодня,https://poryadok.ru/catalog/nozhi_kukhonnye/10921/
414331,"Нож кухонный Daniks, Verde, для овощей, нержавеющая сталь, 9 см, рукоятка пластик, JA20206748-BL-5",199 ₽,сегодня,https://poryadok.ru/catalog/nozhi_kukhonnye/731663/
414330,"Нож кухонный Daniks, Verde, универсальный, нержавеющая сталь, 12.5 см, рукоятка пластик, JA20206748-BL-4",219 ₽,сегодня,https://poryadok.ru/catalog/nozhi_kukhonnye/731662/
344150,"Нож кухонный Daniks, Black, шеф-нож, нержавеющая сталь, 20 см, рукоятка пластик, 161520-1",899 ₽,сегодня,https://poryadok.ru/catalog/nozhi_kukhonnye/600464/
319993,"Нож кухонный Daniks, Easy New, для овощей, нержавеющая сталь, 8.5 см, рукоятка пластик, YW-A337-PA",95 ₽,сегодня,https://poryadok.ru/catalog/nozhi_kukhonnye/537519/
457743,"Нож кухонный Tramontina, Athus, для томатов, нержавеющая сталь, 12.5 см, рукоятка пластик, 23088/905-TR",113 ₽,сегодня,https://poryadok.ru/catalog/nozhi_kukhonnye/1338246/
111227,"Нож кухонный Tramontina, Tradicional, для стейка, нержавеющая сталь, 12.5 см, рукоятка дерево, 22271/205-TR",206 ₽,сегодня,https://poryadok.ru/catalog/nozhi_kukhonnye/11066/
248619,"Нож кухонный Daniks, Модерн, универсальный, нержавеющая сталь, 12.5 см, рукоятка пластик, YW-A040-UT/YW-A040G-UT",145 ₽,сегодня,https://poryadok.ru/catalog/nozhi_kukhonnye/89088/
399172,"Нож кухонный Daniks, Латте, для хлеба, нержавеющая сталь, 20 см, рукоятка пластик, YW-A383-BR",245 ₽,сегодня,https://poryadok.ru/catalog/nozhi_kukhonnye/745845/
344153,"Нож кухонный Daniks, Black, для овощей, нержавеющая сталь, 9 см, рукоятка пластик, 161520-5",579 ₽,сегодня,https://poryadok.ru/catalog/nozhi_kukhonnye/600532/
344152,"Нож кухонный Daniks, Black, универсальный, нержавеющая сталь, 12.5 см, рукоятка пластик, 161520-4",599 ₽,сегодня,https://poryadok.ru/catalog/nozhi_kukhonnye/600520/
319980,"Нож кухонный Daniks, Скара, для овощей, нержавеющая сталь, 8.5 см, рукоятка пластик, YW-A341-PA",155 ₽,сегодня,https://poryadok.ru/catalog/nozhi_kukhonnye/537531/
319990,"Нож кухонный Daniks, Easy New, шеф-нож, нержавеющая сталь, 20 см, рукоятка пластик, YW-A337-CH",165 ₽,сегодня,https://poryadok.ru/catalog/nozhi_kukhonnye/537518/
414329,"Нож кухонный Daniks, Verde, шеф-нож, нержавеющая сталь, 20 см, рукоятка пластик, JA20206748-BL-1",335 ₽,сегодня,https://poryadok.ru/catalog/nozhi_kukhonnye/731661/
386526,"Нож кухонный Daniks, Gusto, универсальный, сталь, 12.5 см, рукоятка пластик, YW-A377B-UT",145 ₽,сегодня,https://poryadok.ru/catalog/nozhi_kukhonnye/710496/
447832,"Нож Катунь, Kitchentool, для шинковки капусты, нержавеющая сталь, рукоятка пластик, навеска, AST-002-TF29",179 ₽,сегодня,https://poryadok.ru/catalog/nozhi_kukhonnye/1177166/
239327,"Нож кухонный Daniks, Классик, для овощей, нержавеющая сталь, 9 см, рукоятка пластик, YW-A111-PA",115 ₽,сегодня,https://poryadok.ru/catalog/nozhi_kukhonnye/10962/
386527,"Нож кухонный Daniks, Gusto, для овощей, сталь, 9 см, рукоятка пластик, YW-A377B-PA",129 ₽,сегодня,https://poryadok.ru/catalog/nozhi_kukhonnye/710537/
287036,"Нож кухонный Daniks, Обсидиан, для овощей, нержавеющая сталь, 9 см, рукоятка пластик, YW-A175-PA",174 ₽,сегодня,https://poryadok.ru/catalog/nozhi_kukhonnye/454373/
239329,"Нож кухонный Daniks, Эконом, филейный, нержавеющая сталь, 15 см, рукоятка пластик, YW-A054-BO",95 ₽,сегодня,https://poryadok.ru/catalog/nozhi_kukhonnye/10932/
239325,"Нож кухонный Daniks, Классик, филейный, нержавеющая сталь, 14 см, рукоятка пластик, YW-A111-BO",115 ₽,сегодня,https://poryadok.ru/catalog/nozhi_kukhonnye/10930/
426079,"Нож кухонный Daniks, Emerald, для хлеба, нержавеющая сталь, 20 см, рукоятка пластик, JA2021124-2",275 ₽,сегодня,https://poryadok.ru/catalog/nozhi_kukhonnye/852124/
386524,"Нож кухонный Daniks, Gusto, шеф-нож, сталь, 20 см, рукоятка пластик, YW-A377B-CH",195 ₽,сегодня,https://poryadok.ru/catalog/nozhi_kukhonnye/710482/
319991,"Нож кухонный Daniks, Easy New, разделочный, нержавеющая сталь, 20 см, рукоятка пластик, YW-A337-SL",149 ₽,сегодня,https://poryadok.ru/catalog/nozhi_kukhonnye/537517/
287033,"Нож кухонный Daniks, Обсидиан, шеф-нож, нержавеющая сталь, 20 см, рукоятка пластик, YW-A175-CH",282 ₽,сегодня,https://poryadok.ru/catalog/nozhi_kukhonnye/454380/
457740,"Нож кухонный Tramontina, Athus, для овощей, нержавеющая сталь, 7.5 см, рукоятка пластик, 23080/903-TR",105 ₽,сегодня,https://poryadok.ru/catalog/nozhi_kukhonnye/1338243/
399173,"Нож кухонный Daniks, Латте, универсальный, нержавеющая сталь, 12.5 см, рукоятка пластик, YW-A383-UT",175 ₽,сегодня,https://poryadok.ru/catalog/nozhi_kukhonnye/745846/
319978,"Нож кухонный Daniks, Скара, разделочный, нержавеющая сталь, 20 см, рукоятка пластик, YW-A341-SL",225 ₽,сегодня,https://poryadok.ru/catalog/nozhi_kukhonnye/537529/
287031,"Нож кухонный Daniks, Амут, универсальный, нержавеющая сталь, 12.5 см, рукоятка soft-touch, JA20201785-3",245 ₽,сегодня,https://poryadok.ru/catalog/nozhi_kukhonnye/454381/
248617,"Нож кухонный Daniks, Модерн, шеф-нож, нержавеющая сталь, 20 см, рукоятка пластик, YW-A040-CH/YW-A040G-CH",219 ₽,сегодня,https://poryadok.ru/catalog/nozhi_kukhonnye/89092/
248614,"Нож кухонный Daniks, Мрамор, для мяса, нержавеющая сталь, 20 см, рукоятка сталь, YW-A156-SL",459 ₽,сегодня,https://poryadok.ru/catalog/nozhi_kukhonnye/89091/
426086,"Нож кухонный Daniks, Verde, универсальный, нержавеющая сталь, 12.7 см, рукоятка пластик, JA2021121-4",195 ₽,сегодня,https://poryadok.ru/catalog/nozhi_kukhonnye/852131/
426080,"Нож кухонный Daniks, Emerald, универсальный, нержавеющая сталь, 12.7 см, рукоятка пластик, JA2021124-4",199 ₽,сегодня,https://poryadok.ru/catalog/nozhi_kukhonnye/852125/
344151,"Нож кухонный Daniks, Black, разделочный, нержавеющая сталь, 20 см, рукоятка пластик, 161520-3",799 ₽,сегодня,https://poryadok.ru/catalog/nozhi_kukhonnye/600502/
344154,"Нож кухонный Daniks, Wood, шеф-нож, нержавеющая сталь, 20 см, рукоятка дерево, 160939-1",918 ₽,сегодня,https://poryadok.ru/catalog/nozhi_kukhonnye/600461/
158791,"Нож кухонный Tramontina, Dynamic, для овощей, нержавеющая сталь, 7.5 см, рукоятка дерево, 22310/103-TR",261 ₽,сегодня,https://poryadok.ru/catalog/nozhi_kukhonnye/128317/
344164,"Нож кухонный Daniks, Дублин, для овощей, керамика, 10 см, рукоятка пластик, CK0605-3",385 ₽,сегодня,https://poryadok.ru/catalog/nozhi_kukhonnye/600478/
429633,"Нож кухонный Daniks, Оптима, шеф-нож, нержавеющая сталь, 20 см, рукоятка пластик, YW-A639-CH",279 ₽,сегодня,https://poryadok.ru/catalog/nozhi_kukhonnye/929935/
248618,"Нож кухонный Daniks, Модерн, для мяса, нержавеющая сталь, 20 см, рукоятка пластик, YW-A040-SL/YW-A040G-SL",199 ₽,сегодня,https://poryadok.ru/catalog/nozhi_kukhonnye/89090/
426087,"Нож кухонный Daniks, Verde, для овощей, нержавеющая сталь, 9 см, рукоятка пластик, JA2021121-5",175 ₽,сегодня,https://poryadok.ru/catalog/nozhi_kukhonnye/852132/
412371,"Нож кухонный Daniks, Etude, универсальный, нержавеющая сталь, 12.5 см, рукоятка пластик, YW-A377Y-UT",149 ₽,сегодня,https://poryadok.ru/catalog/nozhi_kukhonnye/800668/
399170,"Нож кухонный Daniks, Латте, шеф-нож, нержавеющая сталь, 20 см, рукоятка пластик, YW-A383-CH",245 ₽,сегодня,https://poryadok.ru/catalog/nozhi_kukhonnye/745843/
287032,"Нож кухонный Daniks, Амут, для овощей, нержавеющая сталь, 9 см, рукоятка soft-touch, JA20201785-4",219 ₽,сегодня,https://poryadok.ru/catalog/nozhi_kukhonnye/454375/
276035,"Нож кухонный Tramontina, Ultracorte, шеф-нож, нержавеющая сталь, 15 см, рукоятка пластик, 23861/106-TR",843 ₽,сегодня,https://poryadok.ru/catalog/nozhi_kukhonnye/410498/
426081,"Нож кухонный Daniks, Emerald, для овощей, нержавеющая сталь, 9 см, рукоятка пластик, JA2021124-5",189 ₽,сегодня,https://poryadok.ru/catalog/nozhi_kukhonnye/852126/
399174,"Нож кухонный Daniks, Латте, для овощей, нержавеющая сталь, 9 см, рукоятка пластик, YW-A383-PA",159 ₽,сегодня,https://poryadok.ru/catalog/nozhi_kukhonnye/745847/
386525,"Нож кухонный Daniks, Gusto, разделочный, сталь, 20 см, рукоятка пластик, YW-A377B-SL",195 ₽,сегодня,https://poryadok.ru/catalog/nozhi_kukhonnye/710535/
344162,"Нож кухонный Daniks, Дублин, шеф-нож, керамика, 15 см, рукоятка пластик, CK0605-1",679 ₽,сегодня,https://poryadok.ru/catalog/nozhi_kukhonnye/600537/
457741,"Нож кухонный Tramontina, Athus, для стейка, нержавеющая сталь, 12.5 см, рукоятка пластик, 23081/905-TR",109 ₽,сегодня,https://poryadok.ru/catalog/nozhi_kukhonnye/1338244/
447823,"Нож кухонный Atmosphere, Modish, для пиццы и теста, нержавеющая сталь, рукоятка пластик, навеска, AT-K2457",160 ₽,сегодня,https://poryadok.ru/catalog/nozhi_kukhonnye/1177157/
429634,"Нож кухонный Daniks, Оптима, разделочный, нержавеющая сталь, 20 см, рукоятка пластик, YW-A639-SL",195 ₽,сегодня,https://poryadok.ru/catalog/nozhi_kukhonnye/929936/
426078,"Нож кухонный Daniks, Emerald, шеф-нож, нержавеющая сталь, 20 см, рукоятка пластик, JA2021124-1",355 ₽,сегодня,https://poryadok.ru/catalog/nozhi_kukhonnye/852123/
412372,"Нож кухонный Daniks, Etude, для овощей, нержавеющая сталь, 9 см, рукоятка пластик, YW-A377Y-PA",129 ₽,сегодня,https://poryadok.ru/catalog/nozhi_kukhonnye/800669/
399177,"Нож кухонный Daniks, Геркулес, универсальный, нержавеющая сталь, 12.5 см, рукоятка пластик, YW-A341C-UT",249 ₽,сегодня,https://poryadok.ru/catalog/nozhi_kukhonnye/745850/
414335,"Нож кухонный Daniks, Branco, шеф-нож, нержавеющая сталь, 20 см, рукоятка пластик, JA20206272-1",645 ₽,сегодня,https://poryadok.ru/catalog/nozhi_kukhonnye/731667/
319977,"Нож кухонный Daniks, Скара, шеф-нож, нержавеющая сталь, 20 см, рукоятка пластик, YW-A341-CH",235 ₽,сегодня,https://poryadok.ru/catalog/nozhi_kukhonnye/537530/
276034,"Нож кухонный Tramontina, Ultracorte, универсальный, нержавеющая сталь, 15 см, рукоятка пластик, 23860/106-TR",735 ₽,сегодня,https://poryadok.ru/catalog/nozhi_kukhonnye/410499/
268867,"Нож кухонный Tramontina, Dynamic, шеф-нож, нержавеющая сталь, 20 см, рукоятка дерево, 22315/108-TR",600 ₽,сегодня,https://poryadok.ru/catalog/nozhi_kukhonnye/323068/
457742,"Нож кухонный Tramontina, Athus, универсальный, нержавеющая сталь, 17.5 см, рукоятка пластик, 23084/107-TR",356 ₽,сегодня,https://poryadok.ru/catalog/nozhi_kukhonnye/1338245/
447818,"Нож кухонный Atmosphere, AllCook, для теста, 24 см, силикон, навеска, AT-K2677",135 ₽,сегодня,https://poryadok.ru/catalog/nozhi_kukhonnye/1177152/
426084,"Нож кухонный Daniks, Verde, шеф-нож, нержавеющая сталь, 20 см, рукоятка пластик, JA2021121-1",299 ₽,сегодня,https://poryadok.ru/catalog/nozhi_kukhonnye/852129/
412370,"Нож кухонный Daniks, Etude, разделочный, нержавеющая сталь, 20 см, рукоятка пластик, YW-A377Y-SL",195 ₽,сегодня,https://poryadok.ru/catalog/nozhi_kukhonnye/800667/
412369,"Нож кухонный Daniks, Etude, шеф-нож, нержавеющая сталь, 20 см, рукоятка пластик, YW-A377Y-CH",195 ₽,сегодня,https://poryadok.ru/catalog/nozhi_kukhonnye/800666/
414332,"Нож кухонный Daniks, Autumn, шеф-нож, нержавеющая сталь, 20 см, рукоятка пластик, JA20202790-BK-1",298 ₽,сегодня,https://poryadok.ru/catalog/nozhi_kukhonnye/731664/
344161,"Нож кухонный Daniks, Орландо, для овощей, нержавеющая сталь, 9 см, рукоятка пластик, 160554-5",212 ₽,сегодня,https://poryadok.ru/catalog/nozhi_kukhonnye/600535/
342616,"Нож кухонный Daniks, Novel, шеф-нож, нержавеющая сталь, 20 см, рукоятка пластик, YW-A238-CH",345 ₽,сегодня,https://poryadok.ru/catalog/nozhi_kukhonnye/596306/
287034,"Нож кухонный Daniks, Обсидиан, разделочный, нержавеющая сталь, 20 см, рукоятка пластик, YW-A175-SL",239 ₽,сегодня,https://poryadok.ru/catalog/nozhi_kukhonnye/454379/
276030,"Нож кухонный Tramontina, Ultracorte, для овощей, нержавеющая сталь, 7.5 см, рукоятка пластик, 23850/103-TR",331 ₽,сегодня,https://poryadok.ru/catalog/nozhi_kukhonnye/410502/
239323,"Нож кухонный Daniks, Классик, шеф-нож, нержавеющая сталь, 20 см, рукоятка пластик, YW-A111-UT",165 ₽,сегодня,https://poryadok.ru/catalog/nozhi_kukhonnye/10954/
239328,"Нож кухонный Daniks, Эконом, для мяса, нержавеющая сталь, 20 см, рукоятка пластик, YW-A054-SL",138 ₽,сегодня,https://poryadok.ru/catalog/nozhi_kukhonnye/10951/
441074,"Нож кухонный Daniks, Карелия, для овощей, нержавеющая сталь, 9 см, рукоятка дерево, JA20200152-5",175 ₽,сегодня,https://poryadok.ru/catalog/nozhi_kukhonnye/1068981/
399178,"Нож кухонный Daniks, Геркулес, для овощей, нержавеющая сталь, 9 см, рукоятка пластик, YW-A341C-PA",225 ₽,сегодня,https://poryadok.ru/catalog/nozhi_kukhonnye/745851/
399175,"Нож кухонный Daniks, Геркулес, шеф-нож, нержавеющая сталь, 20 см, рукоятка пластик, YW-A341C-CH",345 ₽,сегодня,https://poryadok.ru/catalog/nozhi_kukhonnye/745848/
414336,"Нож кухонный Daniks, Branco, универсальный, нержавеющая сталь, 12.5 см, рукоятка пластик, JA20206272-4",445 ₽,сегодня,https://poryadok.ru/catalog/nozhi_kukhonnye/731668/
344147,"Нож кухонный Daniks, Шовэн, разделочный, нержавеющая сталь, 20 см, рукоятка пластик, 161711-3",608 ₽,сегодня,https://poryadok.ru/catalog/nozhi_kukhonnye/600511/
342613,"Нож кухонный Daniks, Блэк Стайл, разделочный, нержавеющая сталь, 20 см, рукоятка сталь, YW-A369-SL",538 ₽,сегодня,https://poryadok.ru/catalog/nozhi_kukhonnye/596331/
342618,"Нож кухонный Daniks, Novel, универсальный, нержавеющая сталь, 12.5 см, рукоятка пластик, YW-A238-UT",239 ₽,сегодня,https://poryadok.ru/catalog/nozhi_kukhonnye/596304/
268868,"Нож кухонный Tramontina, Dynamic, топорик, нержавеющая сталь, 15 см, рукоятка дерево, 22319/106-TR",1 026 ₽,сегодня,https://poryadok.ru/catalog/nozhi_kukhonnye/323121/
456529,"Нож кухонный Daniks, Ocean, шеф-нож, нержавеющая сталь, 20 см, рукоятка нержавеющая сталь, YW-A429B-CH",529 ₽,сегодня,https://poryadok.ru/catalog/nozhi_kukhonnye/1310710/
456532,"Нож кухонный Daniks, Ocean, универсальный, нержавеющая сталь, 12.5 см, рукоятка нержавеющая сталь, YW-A429B-UT",399 ₽,сегодня,https://poryadok.ru/catalog/nozhi_kukhonnye/1310651/
239324,"Нож кухонный Daniks, Классик, для мяса, нержавеющая сталь, 20 см, рукоятка пластик, YW-A111-SL",135 ₽,сегодня,https://poryadok.ru/catalog/nozhi_kukhonnye/10948/
441072,"Нож кухонный Daniks, Карелия, шеф-нож, нержавеющая сталь, 20 см, рукоятка дерево, JA20200152-1",295 ₽,сегодня,https://poryadok.ru/catalog/nozhi_kukhonnye/1068979/
388550,"Нож кухонный Daniks, Геометрия, разделочный, нержавеющая сталь, 20 см, рукоятка пластик, JA20200944-3",355 ₽,сегодня,https://poryadok.ru/catalog/nozhi_kukhonnye/754853/
414338,"Нож кухонный Daniks, Madera, шеф-нож, нержавеющая сталь, 20 см, рукоятка пластик, JA20201783-1",729 ₽,сегодня,https://poryadok.ru/catalog/nozhi_kukhonnye/731670/
414337,"Нож кухонный Daniks, Branco, для овощей, нержавеющая сталь, 9 см, рукоятка пластик, JA20206272-5",415 ₽,сегодня,https://poryadok.ru/catalog/nozhi_kukhonnye/731669/
344158,"Нож кухонный Daniks, Орландо, шеф-нож, нержавеющая сталь, 20 см, рукоятка пластик, 160554-1",385 ₽,сегодня,https://poryadok.ru/catalog/nozhi_kukhonnye/600474/
342617,"Нож кухонный Daniks, Novel, разделочный, нержавеющая сталь, 20 см, рукоятка пластик, YW-A238-SL",334 ₽,сегодня,https://poryadok.ru/catalog/nozhi_kukhonnye/596287/
342619,"Нож кухонный Daniks, Novel, для овощей, нержавеющая сталь, 9 см, рукоятка пластик, YW-A238-PA",225 ₽,сегодня,https://poryadok.ru/catalog/nozhi_kukhonnye/596267/
314030,"Нож кухонный Daniks, Wood&Stone, универсальный, нержавеющая сталь, 20 см, рукоятка пластик, YW-A233-SL",358 ₽,сегодня,https://poryadok.ru/catalog/nozhi_kukhonnye/529256/
287041,"Нож кухонный Daniks, Гранит, шеф-нож, нержавеющая сталь, 20 см, рукоятка пластик, YW-A204-CH",275 ₽,сегодня,https://poryadok.ru/catalog/nozhi_kukhonnye/454387/
287029,"Нож кухонный Daniks, Амут, шеф-нож, нержавеющая сталь, 20 см, рукоятка soft-touch, JA20201785-1",359 ₽,сегодня,https://poryadok.ru/catalog/nozhi_kukhonnye/454383/
461602,"Нож Domenik, Milano, столовый, нержавеющая сталь, рукоятка нержавеющая сталь, DMC043",350 ₽,сегодня,https://poryadok.ru/catalog/nozhi_kukhonnye/1430483/
456530,"Нож кухонный Daniks, Ocean, для хлеба, нержавеющая сталь, 20 см, рукоятка нержавеющая сталь, YW-A429B-BR",499 ₽,сегодня,https://poryadok.ru/catalog/nozhi_kukhonnye/1310769/
454452,"Нож кухонный Daniks, Emerald, универсальный, нержавеющая сталь, 12.5 см, рукоятка пластик, S-K42635-05",175 ₽,сегодня,https://poryadok.ru/catalog/nozhi_kukhonnye/1268605/
444432,"Нож кухонный Atmosphere, Grey Stone, для сыра, 22.5 см, нержавеющая сталь, рукоятка пластик, навеска, AT-K1842",255 ₽,сегодня,https://poryadok.ru/catalog/nozhi_kukhonnye/1134979/
444431,"Нож кухонный Atmosphere, Grey Stone, для сыра, 26.5 см, нержавеющая сталь, рукоятка пластик, навеска, AT-K1841",230 ₽,сегодня,https://poryadok.ru/catalog/nozhi_kukhonnye/1134978/
441073,"Нож кухонный Daniks, Карелия, универсальный, нержавеющая сталь, 12.5 см, рукоятка дерево, JA20200152-4",195 ₽,сегодня,https://poryadok.ru/catalog/nozhi_kukhonnye/1068980/
